OBJECTID,survey,code,decapoda,lon,lat
1,Survey1,MU01,29.09,-17.81325,20.77416667
2,Survey1,MU02,22.29,-17.86308333,20.6835
3,Survey1,MU03,16.90,-18.04025,20.81758333
4,Survey1,MU04,11.11,-18.54883333,20.5545
5,Survey1,MU05,14.74,-18.43266667,20.59866667
6,Survey1,MU06,16.01,-18.20933333,20.62408333
7,Survey1,MU07,27.31,-18.30658333,20.74916667
8,Survey1,MU08,41.17,-18.24041667,20.679
9,Survey1,MU09,68.08,-18.10941667,20.75683333
10,Survey1,MU10,2.03,-18.21466667,20.30425
11,Survey1,MU11,118.30,-18.10483333,20.404
12,Survey1,MU12,5.59,-18.09675,20.3225
13,Survey1,MU13,301.94,-17.98033333,20.44266667
14,Survey1,MU14,12.92,-17.85075,20.62758333
15,Survey1,MU15,95.67,-17.84866667,20.43125
16,Survey1,MU17,24.89,-17.732,21.1815
17,Survey1,MU18,98.73,-17.63783333,20.25525
18,Survey1,MU19,12.71,-17.77041667,20.05958333
19,Survey1,MU20,0.69,-17.882,19.92566667
20,Survey1,MU21,3.01,-17.75675,19.86875
21,Survey1,MU22,28.97,-17.51733333,19.54825
22,Survey1,MU23,121.17,-17.41016667,19.84575
23,Survey1,MU24,30.30,-17.42,19.79725
24,Survey1,MU25,59.22,-17.49875,20.23058333
25,Survey1,MU26,84.12,-17.22641667,19.67216667
26,Survey1,MU27,45.04,-17.28583333,19.64933333
27,Survey1,MU28,6.57,-17.33341667,19.40808333
28,Survey1,MU29,58.26,-17.19183333,19.36525
29,Survey1,MU30,29.27,-17.28633333,19.32491667
30,Survey1,MU31,77.07,-17.54566667,19.40183333
31,Survey1,MU32,36.97,-17.34858333,19.22808333
32,Survey1,MU33,40.54,-17.4765,19.24416667
33,Survey1,MU34,93.54,-16.99416667,19.17766667
34,Survey1,MU35,105.72,-17.13408333,19.12283333
35,Survey1,MU36,406.67,-17.05766667,19.02391667
36,Survey1,MU37,30.51,-16.846,19.01258333
37,Survey1,MU38,47.62,-16.94525,18.95216667
38,Survey1,MU39,30.84,-17.03116667,18.87866667
39,Survey1,MU40,11.21,-17.14516667,18.94225
40,Survey1,MU41,25.04,-17.11658333,18.78841667
41,Survey1,MU42,47.10,-16.88808333,18.522
42,Survey1,MU43,33.90,-16.90916667,18.38416667
43,Survey1,MU44,21.79,-16.73575,18.53641667
44,Survey1,MU45,37.63,-16.79625,18.75725
45,Survey1,MU46,37.82,-16.80016667,18.52866667
46,Survey1,MU47,98.03,-16.81866667,18.43391667
47,Survey1,MU48,23.01,-16.80325,18.05608333
48,Survey1,MU49,8.06,-16.58175,18.1655
49,Survey1,MU50,328.02,-16.82116667,17.85541667
50,Survey1,MU51,9.60,-16.65833333,17.8115
51,Survey1,MU52,13.27,-16.76375,17.7895
52,Survey1,MU53,86.86,-16.80966667,17.77508333
53,Survey1,MU54,197.85,-16.65175,17.63975
54,Survey1,MU55,23.85,-16.89191667,17.43808333
55,Survey1,MU56,46.60,-16.91858333,17.34158333
56,Survey1,MU57,194.70,-16.79341667,17.20516667
57,Survey1,MU58,28.60,-17.11708333,16.7815
58,Survey1,MU59,5.23,-16.9865,16.81875
59,Survey1,MU60,24.57,-17.11641667,16.51933333
60,Survey1,MU61,10.15,-17.12466667,16.14933333
61,Survey1,MU62,47.11,-17.057,16.18066667
62,Survey1,MU63,48.05,-16.91816667,16.33483333
63,Survey1,MU64,346.94,-16.85633333,16.41558333
64,Survey1,MU65,77.01,-16.6595,16.41916667
65,Survey1,MU66,11.65,-17.00525,16.41175
66,Survey1,MU67,96.89,-17.06741667,16.54433333
67,Survey1,MU68,56.00,-16.99641667,16.66233333
68,Survey1,MU69,20.12,-17.09733333,16.86175
69,Survey1,MU70,111.96,-16.81283333,16.94633333
70,Survey1,MU71,29.56,-16.88625,17.14508333
71,Survey1,MU73,54.76,-16.97558333,17.28775
72,Survey1,MU74,29.90,-17.04683333,17.47033333
73,Survey1,MU75,25.90,-17.00808333,17.64083333
74,Survey1,MU76,46.36,-16.90633333,17.58275
75,Survey1,MU77,76.16,-16.88358333,17.54133333
76,Survey1,MU78,104.58,-16.6815,18.09458333
77,Survey1,MU79,150.09,-16.60633333,18.09733333
78,Survey2,MU80,21.45,-16.983583,18.369916
79,Survey2,MU81,238.35,-16.8939165,18.694833
80,Survey2,MU82,31.01,-16.997583,18.6817495
81,Survey2,MU83,77.30,-18.350083,20.445333
82,Survey2,MU84,65.14,-18.4484995,20.724583
83,Survey2,MU85,14.54,-18.0624165,20.6144995
84,Survey2,MU86,8.02,-17.632583,20.7194165
85,Survey2,MU87,14.31,-17.729333,20.606583
86,Survey2,MU88,2.25,-17.663583,20.4681665
87,Survey2,MU89,29.24,-17.879583,20.3267495
88,Survey2,MU90,4.59,-17.6132495,20.132333
89,Survey2,MU91,24.30,-17.805166,20.052
90,Survey2,MU92,111.72,-18.026166,19.9147495
91,Survey2,MU93,29.25,-17.904583,19.8382495
92,Survey2,MU94,3.24,-17.573583,19.57475
93,Survey2,MU95,49.64,-17.393833,19.6307495
94,Survey2,MU96,72.73,-17.260833,19.416583
95,Survey2,MU97,44.73,-17.11725,19.3854165
96,Survey2,MU99,8.44,-16.679416,18.338833
97,Survey2,MU100,100.93,-16.5309995,18.117416
98,Survey2,MU101,185.10,-16.397833,17.955333
99,Survey2,MU103,14.50,-16.876166,18.0414995
100,Survey2,MU104,56.05,-16.661333,17.957833
101,Survey2,MU105,73.95,-16.582,17.948333
102,Survey2,MU106,37.13,-16.794916,17.4839165
103,Survey2,MU107,110.58,-16.724083,17.465083
104,Survey2,MU108,54.96,-16.640833,17.359833
105,Survey2,MU109,0.00,-16.651083,17.1752495
106,Survey2,MU110,6.01,-17.0292495,17.0299165
107,Survey2,MU111,179.37,-16.945333,17.1291665
108,Survey2,MU112,31.52,-16.906833,16.9299165
109,Survey2,MU113,43.53,-17.037833,16.3374165
110,Survey2,MU114,30.17,-17.1059995,16.3007495
111,Survey2,MU115,221.07,-16.993833,16.13
112,Survey2,MU116,20.73,-17.1591665,16.723333
113,Survey2,MU117,66.53,-16.9917495,16.507833
114,Survey2,MU118,47.75,-16.610833,17.511583
115,Survey2,MU119,0.07,-16.3732495,17.557666
116,Survey2,MU120,1.95,-16.840583,16.118333
117,Survey2,MU121,145.35,-16.89429125,16.1622495
118,Survey2,MU122,0.21,-16.774416,16.320583
119,Survey2,MU123,170.64,-16.837,16.410333
120,Survey2,MU124,2.29,-16.7419995,16.4754995
121,Survey2,MU125,19.45,-16.750583,16.620583
122,Survey2,MU126,88.46,-16.906416,16.635666
123,Survey2,MU127,92.37,-16.8069995,16.5994995
124,Survey2,MU128,167.19,-16.8046665,16.536666
125,Survey2,MU129,0.58,-16.750333,16.888333
126,Survey2,MU130,51.02,-16.781833,16.764333
127,Survey2,MU131,2.14,-16.709833,17.0372495
128,Survey2,MU132,0.05,-16.5621665,17.0457495
129,Survey2,MU133,0.13,-16.509333,17.1686665
130,Survey2,MU134,109.49,-16.783083,17.068833
131,Survey2,MU135,78.81,-16.6681665,17.2746665
132,Survey2,MU136,0.16,-16.543083,17.301916
133,Survey2,MU137,0.15,-16.4207495,17.3874165
134,Survey2,MU138,25.39,-16.5056665,17.486916
135,Survey2,MU139,0.74,-16.3894165,17.6811665
136,Survey2,MU140,80.89,-16.6349165,17.682333
137,Survey2,MU141,159.44,-16.5762495,17.806666
138,Survey2,MU142,2.75,-16.4736665,18.18075
139,Survey2,MU143,25.53,-16.590333,18.2846665
140,Survey2,MU144,13.28,-16.4869995,18.313916
141,Survey2,MU145,162.95,-16.6077495,18.4711665
142,Survey2,MU146,23.70,-16.659833,18.508583
143,Survey2,MU147,5.94,-16.5644995,18.6589165
144,Survey2,MU148,114.79,-16.624583,18.683083
145,Survey2,MU149,5.36,-16.5064995,18.825583
146,Survey2,MU150,87.53,-16.723916,18.7269165
147,Survey2,MU151,0.22,-16.650333,18.8509995
148,Survey2,MU152,2.02,-16.816833,18.866583
149,Survey2,MU153,50.05,-16.779583,18.959583
150,Survey2,MU154,461.94,-16.64675,18.9782495
151,Survey2,MU155,103.69,-16.79945775,19.067708
152,Survey2,MU156,0.15,-16.66325,19.163083
153,Survey2,MU157,43.40,-16.836333,19.21879125
154,Survey2,MU158,0.52,-16.7139995,19.238166
155,Survey2,MU159,200.80,-16.5741665,17.657833
156,Survey2,MU160,37.07,-16.4869995,17.665083
157,Survey2,MU161,0.71,-16.3499995,17.823416
158,Survey2,MU162,34.72,-16.4749165,17.9059165
159,Survey2,MU163,34.01,-16.977583,18.480583
160,Survey2,MU164,238.69,-16.7332495,18.2609165
161,Survey2,MU165,28.55,-16.7874165,18.1279995
162,Survey2,MU166,3.75,-16.426416,18.180916
163,Survey2,MU167,38.58,-16.50525,18.49475
164,Survey2,MU168,0.26,-16.880666,19.4056665
165,Survey2,MU169,96.72,-17.11325,19.445166
166,Survey2,MU170,0.24,-16.959416,19.5394995
167,Survey2,MU171,0.96,-16.989333,19.614333
168,Survey2,MU173,14.96,-17.1949995,19.751916
169,Survey2,MU174,1.14,-17.242666,19.8525
170,Survey2,MU175,48.06,-17.3239995,19.796833
171,Survey2,MU176,2.73,-17.059666,18.6504165
172,Survey2,MU177,17.39,-16.866583,18.836833
173,Survey2,MU178,63.96,-16.955916,19.023666
174,Survey3,MU179,29.08,-16.76141667,18.79316667
175,Survey3,MU180,60.34,-16.95458333,18.82283333
176,Survey3,MU181,18.57,-16.756,19.19541667
177,Survey3,MU182,51.19,-16.97425,19.20266667
178,Survey3,MU183,2.33,-17.07108333,19.66775
179,Survey3,MU184,41.08,-17.01691667,19.48191667
180,Survey3,MU185,94.33,-17.18733333,19.43766667
181,Survey3,MU186,66.34,-17.06083333,19.58191667
182,Survey3,MU187,153.75,-17.3345,19.69683333
183,Survey3,MU188,18.13,-17.40091667,19.83525
184,Survey3,MU189,34.78,-17.8195,19.908
185,Survey3,MU190,109.27,-17.71233333,19.92475
186,Survey3,MU192,28.99,-17.74991667,19.98191667
187,Survey3,MU193,28.67,-17.9715,19.98733333
188,Survey3,MU194,5.56,-17.8865,20.17125
189,Survey3,MU195,38.80,-18.08066667,20.42225
190,Survey3,MU196,10.62,-17.9265,20.519
191,Survey3,MU197,54.43,-17.79666667,20.35091667
192,Survey3,MU198,17.64,-17.95916667,20.68525
193,Survey3,MU199,31.04,-17.98733333,20.63333333
194,Survey3,MU200,13.02,-17.68608333,20.69608333
195,Survey3,MU201,8.55,-17.60325,20.66133333
196,Survey3,MU202,6.31,-17.79908333,20.59241667
197,Survey3,MU203,12.95,-17.72508333,20.62675
198,Survey3,MU204,27.66,-17.65375,20.64566667
199,Survey3,MU205,0.31,-17.58633333,20.5525
200,Survey3,MU206,10.52,-17.74566667,20.42775
201,Survey3,MU207,1.45,-17.55108333,20.00633333
202,Survey3,MU208,0.29,-17.53291667,20.02233333
203,Survey3,MU209,0.03,-17.48341667,19.93675
204,Survey3,MU210,0.43,-16.871,19.40033333
205,Survey3,MU212,15.05,-16.91825,19.31858333
206,Survey3,MU213,128.31,-16.798,17.64583333
207,Survey3,MU214,49.59,-16.74775,17.39216667
208,Survey3,MU215,21.31,-16.66391667,17.482
209,Survey3,MU216,262.97,-16.95008333,16.12033333
210,Survey3,MU217,0.82,-16.79908333,16.26641667
211,Survey3,MU218,0.05,-16.77816667,16.1665
212,Survey3,MU219,0.07,-16.83733333,16.21491667
213,Survey3,MU220,0.00,-16.76458333,16.41766667
214,Survey3,MU221,12.01,-16.99891667,17.10816667
215,Survey3,MU222,98.62,-16.85766667,17.24691667
216,Survey3,MU223,0.16,-16.44658333,17.79241667
217,Survey3,MU224,118.99,-16.53541667,17.58958333
218,Survey3,MU225,106.47,-16.77233333,17.27466667
219,Survey3,MU226,132.61,-16.75183333,16.94683333
220,Survey3,MU227,3.11,-16.50908333,17.82083333
221,Survey3,MU228,1.75,-16.37491667,18.02408333
222,Survey3,MU229,152.21,-16.576,18.096
223,Survey3,MU230,26.40,-16.89908333,18.46083333
224,Survey3,MU231,117.33,-16.87966667,18.637
225,Survey3,MU232,185.87,-16.81425,19.02233333
226,Survey3,MU233,22.37,-16.63333333,18.7355
227,Survey3,MU234,376.15,-16.80466667,19.1365
228,Survey3,MU235,0.02,-16.69991667,19.01308333
229,Survey4,MU236,4.17,-17.87025,20.67825
230,Survey4,MU237,13.10,-18.23925,20.67675
231,Survey4,MU238,1.51,-18.5435835,20.54575
232,Survey4,MU240,12.36,-17.6711665,20.4605835
233,Survey4,MU241,67.19,-17.848917,20.4365835
234,Survey4,MU242,22.57,-18.0979165,20.400667
235,Survey4,MU243,59.27,-17.731833,20.1800835
236,Survey4,MU244,142.67,-17.6478335,20.1003335
237,Survey4,MU245,5.76,-17.885333,19.9169165
238,Survey4,MU246,50.89,-17.64710066,19.81469798
239,Survey4,MU247,32.09,-17.86625,19.84175
240,Survey4,MU248,26.65,-17.64608334,19.95141667
241,Survey4,MU249,16.68,-17.7505,19.86533333
242,Survey4,MU250,5.45,-17.6885,19.71475
243,Survey4,MU251,0.07,-17.3,19.8498335
244,Survey4,MU252,38.98,-17.19775,19.747083
245,Survey4,MU253,51.75,-17.22675,19.6781665
246,Survey4,MU254,578.23,-17.0953335,19.6456665
247,Survey4,MU255,25.89,-17.0955,19.4270835
248,Survey4,MU256,53.17,-17.2896665,19.5971665
249,Survey4,MU257,6.57,-17.333917,19.2166665
250,Survey4,MU258,36.07,-17.233917,19.3678335
251,Survey4,MU259,4.11,-16.9495835,19.263
252,Survey4,MU260,1.65,-16.7321665,19.2230835
253,Survey4,MU261,0.20,-16.75225,19.2285
254,Survey4,MU262,23.54,-16.8366665,19.2260835
255,Survey4,MU263,57.91,-16.8775,18.9879165
256,Survey4,MU264,22.30,-17.0160835,18.8645
257,Survey4,MU265,31.54,-16.612667,18.0658335
258,Survey4,MU266,9.69,-16.3998335,17.947417
259,Survey4,MU267,95.59,-16.65283333,18.00491667
260,Survey4,MU268,139.08,-16.80466667,17.77125
261,Survey4,MU269,5.78,-17.00541667,17.58641667
262,Survey4,MU270,3.96,-17.02725,17.2975
263,Survey4,MU271,69.34,-16.94941683,17.14041667
264,Survey4,MU272,12.48,-17.06091667,16.54425
265,Survey4,MU273,1.45,-17.16041667,16.72575
266,Survey4,MU274,7.59,-17.1584165,16.166417
267,Survey4,MU275,20.60,-17.0095835,16.4265
268,Survey4,MU276,296.24,-16.884165,16.340248
269,Survey4,MU277,0.57,-16.794415,16.268665
270,Survey4,MU278,77.20,-16.96865,16.1295
271,Survey4,MU279,0.87,-16.8011,16.48605
272,Survey4,MU280,283.34,-16.7855,16.5731
273,Survey4,MU281,0.11,-16.75925,16.8765
274,Survey4,MU282,67.35,-16.79975,17.14665
275,Survey4,MU283,0.06,-16.51741667,17.15691667
276,Survey4,MU284,26.41,-16.63466667,17.37015
277,Survey4,MU285,11.02,-16.508,17.47891667
278,Survey4,MU286,0.99,-16.64975,17.79633333
279,Survey4,MU287,46.88,-16.6735,18.14516665
280,Survey4,MU288,4.00,-16.80695,18.04955
281,Survey4,MU289,49.12,-16.9782,18.47525
282,Survey4,MU290,61.40,-16.5914,18.2968
283,Survey4,MU291,47.70,-16.50495,18.44075
